lstaff_id,first_name,last_name,ls_role,image_url,lab_client_id
1000,Froderick,Fronkensteen,S,https://www.oracle.com/webfolder/technetwork/jet/content/images/hcm/placeholder-male-07.png,1
1001,Aygor,Brooks,LA,https://www.oracle.com/webfolder/technetwork/jet/content/images/hcm/placeholder-male-01.png,1
1002,Inga,Hays,LA,https://www.oracle.com/webfolder/technetwork/jet/content/images/hcm/placeholder-female-02.png,1
1003,Hans,Delbrook,S,https://www.oracle.com/webfolder/technetwork/jet/content/images/hcm/placeholder-male-02.png,3
1004,Abby,Normal,S,https://www.oracle.com/webfolder/technetwork/jet/content/images/hcm/placeholder-female-03.png,2
1005,Theo,Brain,S,https://www.oracle.com/webfolder/technetwork/jet/content/images/hcm/placeholder-male-03.png,4
1006,Pinky,Paulsen,LA,https://www.oracle.com/webfolder/technetwork/jet/content/images/hcm/placeholder-female-06.png,4
1007,Igor,Brooks,LA,https://www.oracle.com/webfolder/technetwork/jet/content/images/hcm/placeholder-male-06.png,3
1008,Frau,Blucher,LA,https://www.oracle.com/webfolder/technetwork/jet/content/images/hcm/placeholder-female-05.png,3
1009,Ren,Hoeck,S,https://www.oracle.com/webfolder/technetwork/jet/content/images/hcm/placeholder-male-09.png,2
1010,Simpson,JayCat,LA,https://www.oracle.com/webfolder/technetwork/jet/content/images/hcm/placeholder-male-04.png,2
1011,Tycho,Brahe,LA,https://www.oracle.com/webfolder/technetwork/jet/content/images/hcm/placeholder-male-04.png,1
1012,Ellen,Ripley,LA,https://www.oracle.com/webfolder/technetwork/jet/content/images/hcm/placeholder-female-01.png,4